A,B,C,D,PRR,ROR,Label
15450,354997,250459,16501141,2.789,2.867,1
14271,356176,131739,16619861,4.899,5.055,1
12570,357877,99172,16652428,5.732,5.898,1
12475,357972,38784,16712816,14.545,15.017,1
9277,176465,256632,16679673,3.296,3.417,1
8958,176784,137052,16799253,5.96,6.211,1
8351,362096,105923,16645677,3.565,3.624,1
8301,157086,76501,16880159,11.125,11.66,1
7331,143709,258578,16712429,3.186,3.297,1
7316,639859,258593,16216279,0.72,0.717,0
7285,178457,104457,16831848,6.359,6.578,1
6977,363470,46858,16704742,6.733,6.843,1
6958,158429,894,16955766,797.969,832.971,1
6889,50344,20957,17043857,98.013,111.288,1
6259,323690,259650,16532448,1.227,1.231,0
6065,179677,45194,16891111,12.237,12.616,1
5835,509476,260074,16346662,0.723,0.72,0
5813,641362,180716,16294156,0.819,0.817,0
5579,159808,107496,16849164,5.321,5.472,1
5486,641689,106256,16368616,1.314,1.317,0
5365,641810,99076,16375796,1.378,1.382,0
5333,160054,9487,16947173,57.634,59.521,1
5325,641850,93656,16381216,1.447,1.451,0
5319,145721,28454,16942553,21.004,21.734,1
5282,641893,73797,16401075,1.822,1.829,0
5275,641900,72983,16401889,1.84,1.847,0
5255,180487,109019,16827286,4.395,4.494,1
5199,641976,74043,16400829,1.787,1.794,0
5192,145848,35645,16935362,16.366,16.913,1
5174,642001,80367,16394505,1.639,1.644,0
5170,642005,74198,16400674,1.774,1.78,0
5143,642032,70850,16404022,1.848,1.855,0
5134,510177,91621,16515115,1.806,1.814,0
5133,642042,85718,16389154,1.524,1.529,0
5132,642043,73512,16401360,1.777,1.783,0
5121,642054,80877,16393995,1.612,1.617,0
5104,145936,113971,16857036,5.032,5.173,1
5074,642101,112488,16362384,1.148,1.149,0
5069,62654,22777,17031547,56.043,60.497,1
5040,160347,15427,16941233,33.496,34.517,1
4974,642201,82072,16392800,1.543,1.547,0
4923,384571,260986,16471567,0.81,0.808,0
4907,180835,48928,16887377,9.145,9.366,1
4898,642277,71563,16403309,1.742,1.748,0
4894,160493,112668,16843992,4.454,4.559,1
4892,642283,69497,16405375,1.792,1.798,0
4852,365595,31970,16719630,6.863,6.941,1
4820,460337,261089,16395801,0.661,0.658,0
4798,642377,141462,16333410,0.863,0.862,0
4788,642387,68211,16406661,1.787,1.793,0
4774,642401,109500,16365372,1.11,1.111,0
4766,642409,108998,16365874,1.113,1.114,0
4712,642463,85842,16389030,1.397,1.4,0
4707,642468,87917,16386955,1.363,1.366,0
4700,642475,144630,16330242,0.827,0.826,0
4685,642490,75415,16399457,1.581,1.586,0
4677,642498,141333,16333539,0.842,0.841,0
4634,642541,92545,16382327,1.275,1.277,0
4620,642555,63329,16411543,1.857,1.863,0
4571,510740,141689,16465047,1.04,1.04,0
4562,642613,114513,16360359,1.014,1.014,0
4550,510761,87613,16519123,1.674,1.68,0
4546,642629,80494,16394378,1.438,1.441,0
4545,642630,80361,16394511,1.44,1.443,0
4535,146505,70347,16900660,7.243,7.437,1
4519,642656,91967,16382905,1.251,1.253,0
4482,510829,86369,16520367,1.672,1.678,0
4463,510848,109811,16496925,1.31,1.312,0
4459,642716,87704,16387168,1.294,1.296,0
4447,510864,144883,16461853,0.989,0.989,0
4446,366001,144884,16606716,1.388,1.392,0
4423,642752,80189,16394683,1.404,1.407,0
4416,642759,64133,16410739,1.753,1.758,0
4415,510896,86139,16520597,1.652,1.657,0
4401,642774,108900,16365972,1.029,1.029,0
4399,642776,68649,16406223,1.631,1.636,0
4398,642777,69633,16405239,1.608,1.612,0
4394,642781,92361,16382511,1.211,1.213,0
4351,642824,100146,16374726,1.106,1.107,0
4348,642827,58005,16416867,1.908,1.914,0
4335,510976,182194,16424542,0.767,0.765,0
4291,642884,74972,16399900,1.457,1.46,0
4288,642887,57018,16417854,1.914,1.921,0
4279,642896,108796,16366076,1.001,1.001,0
4223,511088,136340,16470396,0.998,0.998,0
4197,642978,60736,16414136,1.759,1.764,0
4191,642984,73563,16401309,1.45,1.453,0
4172,643003,67985,16406887,1.562,1.566,0
4169,643006,69281,16405591,1.532,1.535,0
4139,511172,109625,16497111,1.217,1.219,0
4138,643037,136425,16338447,0.772,0.771,0
4135,643040,63509,16411363,1.657,1.662,0
4125,161262,43420,16913240,9.74,9.964,1
4123,643052,66872,16408000,1.57,1.573,0
4092,643083,68776,16406096,1.515,1.518,0
4049,643126,59153,16415719,1.742,1.747,0
4005,643170,73430,16401442,1.388,1.391,0
3982,643193,61600,16413272,1.646,1.65,0
3970,643205,70865,16404007,1.426,1.429,0
3949,511362,80957,16525779,1.572,1.576,0
3934,511377,92552,16514184,1.37,1.373,0
3928,643247,61140,16413732,1.635,1.639,0
3926,461231,182603,16474287,0.77,0.768,0
3918,643257,83067,16391805,1.201,1.202,0
3918,643257,77448,16397424,1.288,1.29,0
3914,511397,86362,16520374,1.461,1.464,0
3890,643285,66413,16408459,1.491,1.494,0
3887,643288,74719,16400153,1.324,1.326,0
3871,643304,62988,16411884,1.564,1.568,0
3859,511452,113703,16493033,1.094,1.094,0
3858,511453,93321,16513415,1.332,1.335,0
3847,161540,142163,16814497,2.774,2.817,1
3846,643329,86430,16388442,1.133,1.134,0
3846,461311,75396,16581494,1.827,1.834,0
3842,461315,82156,16574734,1.675,1.68,0
3837,511474,80775,16525961,1.531,1.535,0
3835,385659,182694,16549859,0.902,0.901,0
3809,461348,142451,16514439,0.958,0.957,0
3743,461414,88420,16568470,1.516,1.52,0
3741,461416,113821,16543069,1.177,1.178,0
3741,461416,108001,16548889,1.24,1.242,0
3725,511586,100716,16506020,1.192,1.193,0
3714,366733,100783,16650817,1.666,1.673,0
3707,643468,68003,16406869,1.388,1.39,0
3665,643510,62617,16412255,1.49,1.493,0
3660,461497,142350,16514540,0.921,0.92,0
3653,511658,79815,16526921,1.475,1.478,0
3639,354669,262270,16501469,0.649,0.646,0
3614,511697,142396,16464340,0.818,0.817,0
3614,511697,74140,16532596,1.571,1.575,0
3602,461555,75766,16581124,1.702,1.708,0
3594,643581,132394,16342478,0.691,0.689,0
3589,366858,142671,16608929,1.138,1.139,0
3584,643591,61378,16413494,1.486,1.489,0
3579,643596,124408,16350464,0.732,0.731,0
3577,366870,22125,16729475,7.311,7.372,1
3575,461582,75504,16581386,1.696,1.701,0
3570,366877,93185,16658415,1.732,1.74,0
3550,511761,108192,16498544,1.057,1.058,0
3541,643634,59700,16415172,1.51,1.513,0
3538,366909,137025,16614575,1.168,1.169,0
3530,511781,66773,16539963,1.704,1.709,0
3510,461647,72951,16583939,1.723,1.728,0
3507,461650,74751,16582139,1.68,1.685,0
3507,461650,87344,16569546,1.438,1.441,0
3501,511810,69949,16536787,1.613,1.617,0
3501,326448,108241,16683857,1.646,1.653,0
3499,643676,65260,16409612,1.365,1.367,0
3480,643695,49652,16425220,1.784,1.788,0
3479,643696,68488,16406384,1.293,1.295,0
3466,461691,75178,16581712,1.651,1.656,0
3458,461699,68699,16588191,1.802,1.808,0
3455,461702,93031,16563859,1.33,1.332,0
3455,511856,75787,16530949,1.469,1.472,0
3454,643721,80014,16394858,1.099,1.099,0
3451,511860,82547,16524189,1.347,1.35,0
3447,367000,26827,16724773,5.81,5.855,1
3431,461726,89193,16567697,1.377,1.38,0
3430,643745,57280,16417592,1.524,1.527,0
3430,511881,70959,16535777,1.558,1.562,0
3419,461738,87135,16569755,1.405,1.408,0
3418,461739,81194,16575696,1.507,1.511,0
3390,511921,83656,16523080,1.306,1.308,0
3380,643795,75365,16399507,1.142,1.142,0
3373,367074,6635,16744965,22.988,23.19,1
3369,511942,83616,16523120,1.298,1.3,0
3364,461793,101077,16555813,1.192,1.193,0
3361,461796,109714,16547176,1.097,1.098,0
3357,53876,132631,16932183,7.547,7.955,1
3355,461802,93824,16563066,1.28,1.283,0
3353,511958,74905,16531831,1.443,1.445,0
3351,511960,69697,16537039,1.549,1.553,0
3349,643826,104326,16370546,0.817,0.816,0
3345,461812,69654,16587236,1.72,1.725,0
3341,461816,145989,16510901,0.82,0.818,0
3339,511972,72654,16534082,1.481,1.484,0
3336,461821,82205,16574685,1.453,1.456,0
3332,461825,72661,16584229,1.642,1.647,0
3332,461825,65217,16591673,1.83,1.836,0
3326,461831,74428,16582462,1.6,1.605,0
3325,511986,76043,16530693,1.409,1.412,0
3323,643852,81479,16393393,1.038,1.038,0
3322,511989,75757,16530979,1.413,1.416,0
3321,643854,89727,16385145,0.942,0.942,0
3319,461838,76781,16580109,1.548,1.552,0
3315,461842,93440,16563450,1.27,1.272,0
3312,461845,71077,16585813,1.669,1.673,0
3308,512003,101189,16505547,1.054,1.054,0
3303,367144,183226,16568374,0.815,0.814,0
3301,643874,39410,16435462,2.132,2.138,1
3299,512012,68411,16538325,1.554,1.558,0
3296,367151,68448,16683152,2.177,2.188,1
3295,512016,82246,16524490,1.291,1.293,0
3294,643881,52967,16421905,1.583,1.586,0
3287,643888,62574,16412298,1.337,1.339,0
3286,512025,132702,16474034,0.798,0.797,0
3268,147772,33173,16937834,11.069,11.292,1
3266,461891,62316,16594574,1.877,1.883,0
3265,643910,56534,16418338,1.47,1.473,0
3261,461896,81645,16575245,1.43,1.433,0
3246,643929,57410,16417462,1.439,1.442,0
3238,461919,83808,16573082,1.384,1.386,0
3232,355076,75026,16688713,2.015,2.025,1
3228,461929,76035,16580855,1.52,1.524,0
3224,643951,49934,16424938,1.644,1.647,0
3213,643962,60052,16414820,1.362,1.364,0
3213,461944,70818,16586072,1.625,1.629,0
3202,643973,47269,16427603,1.724,1.728,0
3199,461958,70251,16586639,1.631,1.635,0
3189,64534,132799,16921525,6.047,6.297,1
3189,643986,71357,16403515,1.138,1.138,0
3188,461969,95793,16561097,1.192,1.193,0
3184,461973,67811,16589079,1.681,1.686,0
3182,355126,82816,16680923,1.798,1.805,0
3175,512136,75469,16531267,1.356,1.358,0
3168,512143,75438,16531298,1.353,1.356,0
3165,644010,85348,16389524,0.944,0.944,0
3164,162223,183365,16773295,1.769,1.784,0
3161,461996,63698,16593192,1.777,1.782,0
3157,462000,67146,16589744,1.684,1.688,0
3153,644022,45873,16428999,1.75,1.753,0
3153,326796,183376,16608722,0.875,0.874,0
3150,644025,59129,16415743,1.356,1.358,0
3145,386349,142865,16589688,0.946,0.945,0
3143,512168,68601,16538135,1.476,1.479,0
3141,644034,50848,16424024,1.573,1.575,0
3140,355168,108602,16655137,1.353,1.356,0
3140,462017,71695,16585195,1.568,1.572,0
3139,326810,137424,16654674,1.162,1.164,0
3135,462022,69913,16586977,1.606,1.61,0
3135,355173,83911,16679828,1.748,1.755,0
3134,644041,80705,16394167,0.989,0.988,0
3131,462026,64818,16592072,1.73,1.735,0
3118,512193,55050,16551686,1.825,1.83,0
3113,462044,110651,16546239,1.007,1.007,0
3110,462047,68600,16588290,1.623,1.628,0
3106,644069,55062,16419810,1.436,1.438,0
3105,644070,89523,16385349,0.883,0.882,0
3103,462054,80365,16576525,1.383,1.385,0
3099,512212,69058,16537678,1.446,1.449,0
3095,355213,75984,16687755,1.906,1.914,0
3089,462068,111185,16545705,0.995,0.995,0
3086,462071,81954,16574936,1.348,1.351,0
3080,162307,50755,16905905,6.222,6.321,1
3075,512236,60127,16546609,1.648,1.652,0
3073,355235,101368,16662371,1.418,1.422,0
3071,512240,104604,16502132,0.946,0.946,0
3063,644112,44793,16430079,1.741,1.744,0
3058,462099,64586,16592304,1.695,1.7,0
3057,644118,61722,16413150,1.261,1.262,0
3055,512256,89993,16516743,1.094,1.095,0
3052,147988,12017,16958990,28.537,29.105,1
3044,512267,95937,16510799,1.023,1.023,0
3044,355264,72949,16690790,1.952,1.96,0
3043,644132,45205,16429667,1.714,1.717,0
3042,64681,17425,17036899,43.963,45.983,1
3040,462117,87236,16569654,1.248,1.25,0
3037,644138,55029,16419843,1.405,1.407,0
3036,644139,43920,16430952,1.76,1.763,0
3032,462125,101465,16555425,1.07,1.071,0
3031,644144,89488,16385384,0.862,0.862,0
3028,462129,61905,16594985,1.752,1.756,0
3028,355280,76340,16687399,1.856,1.863,0
3027,367420,87249,16664351,1.569,1.574,0
3020,644155,42612,16432260,1.804,1.808,0
3015,462142,63267,16593623,1.706,1.711,0
3010,462147,83975,16572915,1.284,1.285,0
3009,512302,89615,16517121,1.082,1.083,0
3005,512306,80834,16525902,1.198,1.199,0
3004,512307,63278,16543458,1.53,1.533,0
3004,512307,69864,16536872,1.386,1.388,0
2996,355312,71393,16692346,1.963,1.971,0
2993,512318,63866,16542870,1.51,1.513,0
2993,512318,116082,16490654,0.831,0.83,0
2991,512320,64653,16542083,1.491,1.494,0
2985,512326,77115,16529621,1.247,1.249,0
2984,462173,62084,16594806,1.721,1.726,0
2981,512330,74454,16532282,1.29,1.292,0
2981,512330,73480,16533256,1.307,1.309,0
2973,462184,75633,16581257,1.408,1.41,0
2968,386526,143292,16589261,0.89,0.889,0
2964,326985,146366,16645732,1.031,1.031,0
2959,512352,71876,16534860,1.327,1.329,0
2950,367497,133038,16618562,1.003,1.003,0
2950,644225,50386,16424486,1.49,1.493,0
2948,280701,262961,16575437,0.666,0.662,0
2948,512363,76315,16530421,1.245,1.246,0
2947,54286,17520,17047294,50.153,52.822,1
2947,462210,137616,16519274,0.767,0.765,0
2942,355366,96039,16667700,1.433,1.437,0
2942,644233,56657,16418215,1.322,1.323,0
2940,327009,143320,16648778,1.044,1.044,0
2936,512375,62925,16543811,1.504,1.507,0
2935,644240,45028,16429844,1.659,1.662,0
2933,512378,65016,16541720,1.454,1.456,0
2926,512385,70073,16536663,1.346,1.348,0
2924,355384,75720,16688019,1.807,1.813,0
2924,644251,59965,16414907,1.241,1.242,0
2919,512392,89600,16517136,1.05,1.05,0
2911,355397,82630,16681109,1.648,1.654,0
2904,462253,71642,16585248,1.452,1.454,0
2898,644277,45155,16429717,1.634,1.637,0
2896,462261,78470,16578420,1.322,1.324,0
2886,512425,62696,16544040,1.483,1.486,0
2884,148156,146446,16824561,2.213,2.236,1
2882,644293,53837,16421035,1.363,1.364,0
2874,280775,87977,16750421,1.939,1.949,0
2873,355435,73588,16690151,1.827,1.833,0
2873,462284,69094,16587796,1.489,1.492,0
2871,512440,68124,16538612,1.358,1.36,0
2866,644309,44894,16429978,1.625,1.628,0
2862,512449,71169,16535567,1.296,1.298,0
2861,644314,43627,16431245,1.669,1.672,0
2852,355456,76390,16687349,1.747,1.753,0
2848,386646,146482,16586071,0.835,0.834,0
2838,386656,125149,16607404,0.974,0.974,0
2835,462322,59518,16597372,1.706,1.71,0
2828,386666,83170,16649383,1.461,1.464,0
2826,512485,62107,16544629,1.466,1.469,0
2823,462334,60379,16596511,1.674,1.678,0
2823,355485,143187,16620552,0.922,0.922,0
2819,182923,22883,16913422,11.233,11.391,1
2812,462345,63049,16593841,1.597,1.601,0
2806,644369,46636,16428236,1.532,1.534,0
2806,462351,70062,16586828,1.434,1.437,0
2797,512514,60468,16546268,1.491,1.493,0
2794,512517,82246,16524490,1.095,1.095,0
2789,355519,70259,16693480,1.857,1.864,0
2786,386708,96195,16636358,1.244,1.246,0
2783,512528,65766,16540970,1.364,1.366,0
2773,462384,57937,16598953,1.714,1.718,0
2771,512540,71775,16534961,1.244,1.245,0
2769,355539,183760,16579979,0.705,0.703,0
2768,386726,89395,16643158,1.33,1.333,0
2766,512545,59587,16547149,1.496,1.499,0
2764,355544,89860,16673879,1.439,1.442,0
2757,280892,89406,16748992,1.831,1.839,0
2755,462402,110546,16546344,0.892,0.892,0
2754,512557,78612,16528124,1.129,1.13,0
2753,512558,110322,16496414,0.804,0.803,0
2747,355561,70252,16693487,1.829,1.836,0
2745,512566,60496,16546240,1.462,1.465,0
2745,512566,57965,16548771,1.526,1.529,0
2745,462412,116330,16540560,0.845,0.844,0
2744,462413,133244,16523646,0.737,0.736,0
2744,162643,7583,16949077,37.101,37.71,1
2740,148300,183789,16787218,1.675,1.688,0
2728,355580,65221,16698518,1.957,1.964,0
2724,386770,101717,16630836,1.15,1.152,0
2717,644458,54616,16420256,1.266,1.268,0
2704,327245,89459,16702639,1.538,1.543,0
2704,280945,143556,16694842,1.118,1.119,0
2702,512609,85811,16520925,1.015,1.015,0
2702,644473,47272,16427600,1.455,1.457,0
2700,512611,125287,16481449,0.695,0.693,0
2699,355609,93787,16669952,1.346,1.349,0
2691,386803,109051,16623502,1.06,1.061,0
2687,386807,114875,16617678,1.005,1.005,0
2687,644488,49437,16425435,1.384,1.385,0
2682,462475,85831,16571059,1.119,1.12,0
2682,462475,76063,16580827,1.263,1.264,0
2673,386821,80795,16651758,1.421,1.424,0
2665,262552,263244,16593586,0.643,0.64,0
2663,386831,76705,16655848,1.491,1.495,0
2662,512649,56937,16549799,1.507,1.509,0
2659,512652,76086,16530650,1.126,1.127,0
2653,512658,66106,16540630,1.293,1.295,0
2651,355657,94528,16669211,1.312,1.314,0
2650,512661,110651,16496085,0.772,0.771,0
2646,355662,89517,16674222,1.383,1.386,0
2639,644536,41711,16433161,1.611,1.613,0
2637,462520,74798,16582092,1.262,1.264,0
2635,644540,41840,16433032,1.603,1.606,0
2632,386862,110443,16622110,1.024,1.024,0
2631,355677,88220,16675519,1.395,1.398,0
2623,355685,146707,16617032,0.836,0.835,0
2618,54615,3899,17060915,200.203,209.752,1
2618,386876,75640,16656913,1.487,1.49,0
2615,281034,111659,16726739,1.39,1.394,0
2613,355695,77487,16686252,1.578,1.582,0
2613,355695,114949,16648790,1.064,1.064,0
2612,512699,69355,16537381,1.214,1.215,0
2611,386883,76468,16656085,1.467,1.47,0
2611,512700,60278,16546458,1.396,1.398,0
2610,355698,75144,16688595,1.625,1.63,0
2609,355699,87945,16675794,1.388,1.391,0
2608,512703,82194,16524542,1.023,1.023,0
2607,462550,58049,16598841,1.608,1.612,0
2603,462554,50529,16606361,1.845,1.849,0
2601,644574,40408,16434464,1.639,1.641,0
2597,355711,111677,16652062,1.088,1.089,0
2594,355714,143666,16620073,0.845,0.844,0
2593,386901,93893,16638660,1.186,1.188,0
2592,220188,263317,16635950,0.747,0.744,0
2590,512721,50568,16556168,1.651,1.654,0
2588,386906,76056,16656497,1.462,1.465,0
2587,355721,116488,16647251,1.039,1.039,0
2579,355729,62354,16701385,1.935,1.942,0
2579,355729,71452,16692287,1.689,1.694,0
2578,462579,105097,16551793,0.878,0.878,0
